{
    "source_acc": 0.9416342412451362,
    "source_report": {
        "0": {
            "precision": 0.9473684210526315,
            "recall": 0.9863013698630136,
            "f1-score": 0.9664429530201343,
            "support": 73
        },
        "1": {
            "precision": 0.927536231884058,
            "recall": 0.8888888888888888,
            "f1-score": 0.9078014184397163,
            "support": 72
        },
        "2": {
            "precision": 0.9464285714285714,
            "recall": 0.9464285714285714,
            "f1-score": 0.9464285714285714,
            "support": 112
        },
        "accuracy": 0.9416342412451362,
        "macro avg": {
            "precision": 0.9404444081217536,
            "recall": 0.9405396100601578,
            "f1-score": 0.9402243142961405,
            "support": 257
        },
        "weighted avg": {
            "precision": 0.9414027370914174,
            "recall": 0.9416342412451362,
            "f1-score": 0.9412919754791027,
            "support": 257
        }
    },
    "target_acc": 0.8666666666666667,
    "target_report": {
        "0": {
            "precision": 0.9166666666666666,
            "recall": 0.9295774647887324,
            "f1-score": 0.9230769230769231,
            "support": 71
        },
        "1": {
            "precision": 0.6666666666666666,
            "recall": 0.6666666666666666,
            "f1-score": 0.6666666666666666,
            "support": 18
        },
        "2": {
            "precision": 0.0,
            "recall": 0.0,
            "f1-score": 0.0,
            "support": 1
        },
        "accuracy": 0.8666666666666667,
        "macro avg": {
            "precision": 0.5277777777777778,
            "recall": 0.5320813771517997,
            "f1-score": 0.5299145299145299,
            "support": 90
        },
        "weighted avg": {
            "precision": 0.8564814814814814,
            "recall": 0.8666666666666667,
            "f1-score": 0.8615384615384616,
            "support": 90
        }
    }
}