{
    "HV": {
        "ave": {
            "ave_score": 0.9190935481302166,
            "ave_mse": 1496.6978539547788,
            "ave_mape": 0.07549429693926606
        },
        "detail": {
            "scores": [
                0.9150004058586934,
                0.9448245513580268,
                0.9806641505654222,
                0.9441192316319577,
                0.8377524067653855,
                0.9255969336240444,
                0.9750135209870828,
                0.9490004688932823,
                0.9421085752925553,
                0.7768552363257154
            ],
            "mse": [
                1780.2970914681352,
                1099.40430879022,
                494.7459664504908,
                1006.9010767292709,
                2784.7470789742924,
                1321.3168719123967,
                593.4398029666365,
                1247.004099740447,
                1444.5167403120704,
                3194.6055022038286
            ],
            "mape": [
                0.08844294656645889,
                0.08502777043270895,
                0.05721233435085312,
                0.05700079934674582,
                0.07297801659791961,
                0.0815151796702734,
                0.0525746986548889,
                0.05523529938295863,
                0.09718721479366338,
                0.1077687095961899
            ]
        }
    },
    "UTS": {
        "ave": {
            "ave_score": 0.8036386483185044,
            "ave_mse": 15675.04345537075,
            "ave_mape": 0.12740513549416776
        },
        "detail": {
            "scores": [
                0.6737984651725497,
                0.6406067268143874,
                0.832367362799273,
                0.8560457983753456,
                0.9063573135247305,
                0.8377950997144232,
                0.7456859181536077,
                0.8947186665642131,
                0.8400170467408193,
                0.8089940853256945
            ],
            "mse": [
                38399.45592679077,
                19882.89330538884,
                18605.387627897257,
                31232.488414571057,
                5119.062173899808,
                4272.940178525056,
                13365.925545680406,
                6159.6000921505365,
                6212.170822181949,
                13500.510466621814
            ],
            "mape": [
                0.19725354131562334,
                0.20401845033268928,
                0.13323790816545517,
                0.18902587669827461,
                0.08216565255169758,
                0.06826155100518637,
                0.11956497157551094,
                0.07487168413674238,
                0.11235856576556408,
                0.09329315339493391
            ]
        }
    },
    "EL": {
        "ave": {
            "ave_score": 0.8499984587706788,
            "ave_mse": 48.30065958448796,
            "ave_mape": 1.2308030034569577
        },
        "detail": {
            "scores": [
                0.9107169256142399,
                0.9598886058728305,
                0.5953023972766266,
                0.8631503125370064,
                0.9518990240240649,
                0.8316854905807328,
                0.8482865163967359,
                0.9109388720180449,
                0.7638158587931881,
                0.8643005845933177
            ],
            "mse": [
                26.013720343806394,
                12.59851537961642,
                108.82415480429657,
                51.734385528139825,
                26.604495889166586,
                64.65742553183809,
                62.83009765778407,
                31.3726729429235,
                68.19669885283258,
                30.174428914475577
            ],
            "mape": [
                0.5072616510900262,
                0.4463428967361682,
                7.498711945613244,
                0.46824140389629965,
                0.2861941209919167,
                0.5419018011667902,
                1.5274900615341427,
                0.31700614155187545,
                0.2059014220660025,
                0.5089785899231145
            ]
        }
    }
}